thread_number,1e3_ops,1e4_ops,1e5_ops,1e6_ops,1e7_ops
1,,,45156899.906570,,
4,,,38241064.019365,,
8,,,46852408.354347,,
12,,,36477459.301187,,
16,,,32970134.333515,,
20,,,38529572.795656,,
24,,,34883935.912628,,
28,,,33467437.354814,,
32,,,33547050.409140,,
36,,,33453565.447552,,
40,,,27632202.126243,,
44,,,32924108.612683,,
48,,,34268298.157496,,
